title,rating,actors,studio,category,aspect,format
Babe,G,"Christine Cavanaugh, James Cromwell",Universal,Children,,VHS
Bedknobs and Broomsticks,G,Angela Lansbury,Disney,Children,Wide,VHS
Mary Poppins,G,"Andrews, Van Dyke",Disney,Children,Full,DVD
Ferngully: The Last Rainforest,G,Tim Curry,Fox,Animated,,VHS
FernGully 2 - The Magical Rescue,G,Tim Curry,Fox,Animated,,VHS
"Land Before Time I  to IX (9 movies), The",G,"Gabriel Damon, Pat Hingle",Universal,Animated,,VHS
"Jungle Book, The",NR,Sabu,Anchor Bay,Children,,VHS
"Jungle Book, The",G,"Phil Harris, Sebastian Cabot",Buena Vista,Animated,,VHS
Spy Kids,PG,"Antonio Banderas, Carla Gugino",Disney,Sci-Fi & Fantasy,Wide,DVD
"Prince Of Egypt, The",PG,"Val Kilmer, Ralph Fiennes",Dreamworks,Animated,Wide,DVD
Fantasia 2000,G,Micky & Donald,Disney,Animated,Wide,DVD
"Charlie Brown Christmas, A",NR,,Paramount,Animated,,VHS
"Emperor's New Groove, The",G,"David Spade, John Goodman",Disney,Animated,Wide,DVD
Dinosaur,PG,"D.B. Sweeney, Samuel E. Wright",Disney,Animated,,VHS
Stuart Little,PG,"Michael J. Fox, Geena Davis",Columbia/Tristar,Children,Full,DVD
Shiloh,PG,"Michael Moriarty, Blake Heron",Warner,Children,,VHS
Chitty Chitty Bang Bang,G,"Dick Van Dyke, Sally Ann Howes",MGM/UA,Children,Full,DVD
Pokeman - Mewtwo Returns,NR,,Warner,Animated,,VHS
Pokemon 3 - The Movie,G,"Veronica Taylor, Eric Stuart (III)",Warner,Animated,,VHS
Dumbo,G,"Sterling Holloway, Edward Brophy",Disney,Animated,,VHS
Charlotte's Web,G,"Debbie Reynolds, Henry Gibson",Paramount,Children,,VHS
Bambi,G,,Disney,Animated,,VHS
Basic Instinct,NR,Michael Douglass Sharon Stone,Artisan,Drama,Wide,DVD
Batman The Animated Series,G,,Warner,Animated,Full,DVD
"Last Dragon, The",PG-13,Taimak,Tristar,Sci-Fi & Fantasy,Both,DVD
Gentleman's Agreement,PG,Gregory Peck,Fox,Classic,Full,DVD
How Green Was My Valley,G,"Walter Pidgeon, Maureen O'Hara",Fox,Classic,Full,DVD
All About Eve,PG,Bette Davis,Fox,Classic,Full,DVD
Presumed Innocent,R,Harrison Ford,Warner,Drama,Full,DVD
Diner,R,"Steve Guttenberg, Mickey Rourke, Ellen Barkin",Warner,Drama,Wide,DVD
"Postman Always Rings Twice, The",R,"Jack Nicholson, Jessica Lange",Warner,Drama,Full,DVD
Meatballs,PG,Bill Murray,HBO,Comedy,Full,DVD
Legend,PG,Tom Cruise,Universal,Sci-Fi & Fantasy,Wide,DVD
"Superman Collection, The Complete",G,Max & Dave Fleischer,Paramount,Animated,,DVD
Cape Fear,NR,Gregory Peck Robert Mitchum,Universal,Classic,Wide,DVD
Sara McLachlan - Mirroball,NR,Sara McLachlan,Arista,Concerts,,DVD
"Adventures Of Robin Hood, The",PG,"Errol Flynn, Olivia deHavilland",,Classic,Full,DVD
Men In Black II,PG-13,"Tommy Lee Jones, Will Smith",Columbia,Sci-Fi & Fantasy,Wide,DVD
Braveheart,R,Mel Gibson,,Drama,Wide,DVD
T2,R,"Arnold Schwarzennegger, Linda Hamilton",,Sci-Fi & Fantasy,Wide,DVD
Yankee Doodle Dandy,NR,James Cagney,Warner,Classic,Full,DVD
Finding Nemo,G,"Albert Brooks, Ellen DeGeneres",Disney,Animated,Wide,DVD
Terminator 3 - Rise of the Machines,R,"Arnold Schwarzennegger, Linda Hamilton",,Sci-Fi & Fantasy,Wide,DVD
"Chieftans - Live Over Ireland, The",NR,The Chieftans,Image,Concerts,Wide,DVD
"Christmas Carol, A",G,Alaster Sim,VCI,Classic,,DVD
Simon and Garfunkel - The Concert In Central Park,G,"Paul Simon, Art Garfunkel",Fox,Concerts,Full,DVD
"Matrix Reloaded, The",R,"Keanu Reeves, Laurence Fishburne",Warner,Sci-Fi & Fantasy,Full,DVD
Sinbad - Legend of the Seven Seas,PG,"Brad Pitt, Catherine Zeta-Jones",Dream Works,Animated,Wide,DVD
"King and I, The",G,"Yul Brynner, Deborah Kerr",,Classic,Wide,DVD
"Sound Of Music, The",G,"Julie Andrews, Christopher Plummer",,Classic,Wide,DVD
My Fair Lady,G,"Audry Hepurn, Rex Harrison",,Classic,,DVD
"Streetcar Named Desire, A",PG,"Marlon Brando, Vivien Leigh",,Classic,Full,DVD
One Flew Over The Cuckoo's Nest,R,Jack Nickolson,,Drama,Both,DVD
To Sir With Love,NR,Sidney Poitier,,Drama,,DVD
Enter The Dragon,R,Bruce Lee,,Action & Suspense,Wide,DVD
"Yearling, The",G,"Gregory Peck, Jane Wyman",,Classic,Full,DVD
Night Shift,R,"Henry Winkler, Michael Keaton",,Comedy,Wide,DVD
Charlie's Angels (1) Superbit,PG-13,"Cameron Diaz, Drew Barrymore, Lucy Liu",,Action & Suspense,Wide,DVD
Alice In Wonderland - Animated,G,Kathryn Beaumont,Disney,Animated,Full,DVD
Gone With The Wind,G,"Clark Gable, Vivien Leigh",,Classic,Full,DVD
Charlie's Angels (2) - Full Throttle,PG-13,"Cameron Diaz, Drew Barrymore, Lucy Liu",,Action & Suspense,Full,DVD
"Treasure of the Sierra Madre, The",NR,Humphrey Bogart,Warner,Classic,Full,DVD
Boyz II Men - Music in High Places,NR,Boyz II Men,,Concerts,Wide,DVD
Lilith Fair - A celebration of Woman in Music,,"McLachlan, Indigo Girls, Brooks, Crow, Colvin",,Concerts,,DVD
Guys And Dolls,NR,"Marlon Brando, Frank Sinatra",MGM,Classic,Wide,DVD
Gloria Estefan - Live In Atlantis,NR,Gloria Estafan,EPIC,Concerts,,DVD
James Taylor - Pull Over,NR,James Taylor,Columbia,Concerts,,DVD
Don Henley - Live  Inside Job,NR,Don Henley,Image,Concerts,,DVD
"Earth, Wind & Fire - Live By Request",NR,,Columbia,Concerts,,DVD
"Lion King Platinum Edition, The",G,"Jonathan Taylor Thomas, Matthew Broderick",Disney,Animated,Wide,DVD
Digital Video Essential,NR,,,Reference,,DVD
"Few Good Men, A",R,"Tom Cruise, Jack Nocholson, Demi Moore",Columbia,Drama,Wide,DVD
"Big Easy, The",R,"Dennis Quaid, Ellen Barkin",Trimark,Drama,Wide,DVD
Wall Street,R,"Michael Douglas, Chariles Sheen",Fox,Drama,Wide,DVD
National Velvet,G,"Mickey Rooney, Elisabeth Taylor",Warner,Classic,Full,DVD
"Truth About Cats & Dogs, The",PG-13,"Uma Thurman, Janeane Garafalo",Fox,Comedy,Wide,DVD
Frankenstein,R,"Robert De Niro, Kenneth Branagh",TriStar,Sci-Fi & Fantasy,Full,DVD
Men Of Honor,R,"Robert De Niro, Cuba Gooding Jr.",Fox,Drama,Full,DVD
Hook,PG,"Robin Williams, Dustin Hoffman",Tristar,Sci-Fi & Fantasy,Wide,DVD
"Mask, The",PG-13,Jim Carrey,New Line,Sci-Fi & Fantasy,Both,DVD
Lord Of The Rings - The Two Towers,PG-13,Elijah Wood,New Line,Sci-Fi & Fantasy,Full,DVD & BLU
Face Off,R,"John Travlota, Nicolas Cage",Paramount,Action & Suspense,Wide,DVD
Fiddle on the Roof,G,"Topol,",Warner,Classic,Wide,DVD
Lillies of the Field,NR,Sidney Poitier,,Classic,Wide,DVD
"Chinese Connection, The",R,Bruce Lee,,Action & Suspense,Wide,DVD
Looney Tunes Golden Collection Volume 1 (4 Disks),NR,,,Animated,Full,DVD
Schindler's List,R,"Liam Neeson, Ben Kingsley",,Drama,Wide,DVD
"Prince and the Pauper, The",NR,"Erol Flynn, Claude Raines",,Classic,Full,DVD
"Bug's Life  (Collectors Edition), A",G,"Dave Foley, Kevin Spacey",Pixar,Animated,Both,DVD
Ben Hur,G,Charlton Heston,,Classic,Wide,DVD
"Ten Commandments, The",G,Charlton Heston,,Classic,Wide,DVD
"Terminator, The",R,Arnold Schwarzennegger,,Sci-Fi & Fantasy,Full,DVD
Brother Bear,G,"Joaquin Phoenix, Jeremy Suarez",,Animated,Wide,DVD
Dave Matthews Band - Listener Supported,NR,Dave Mattews,,Concerts,,DVD
Yessongs,NR,Yes,,Concerts,,DVD
Whitney - The Greatest Hits,NR,Whitney Houston,,Concerts,,DVD
Bruce Springsteen & The E Street Band - Live in NY,NR,Bruce Springsteen,,Concerts,,DVD
"Rolling Stones - Gimme Shelter (Criterion), The",NR,The Rolling Stones,Criterion Collection,Concerts,,DVD
Woodstock,R,,,Concerts,Wide,DVD
"Matrix Revolution, The",R,"Keanu Reeves, Laurence Fishburne",,Sci-Fi & Fantasy,Full,DVD
Fantasia,G,Micky & Donald,Disney,Animated,Full,DVD
Mulan,G,"Eddie Murphy, Freda Foh Shen",Disney,Animated,Both,DVD
Stuart Little 2,PG,"Michael J. Fox, Geena Davis",Columbia/Tristar,Children,Both,DVD
Sleeping Beauty,G,,Disney,Animated,Both,DVD
West Side Story,NR,"Natalie Wood, Richard Meymer",,Classic,Full,DVD
"Ox-Bow Incident, The",PG,Henry Fonda,,Classic,Full,DVD
X 2,PG-13,Patrick Stewart,Fox,Sci-Fi & Fantasy,Wide,DVD
Only Angels Have Wings,NR,"Cary Grant, Jean Authur",Columbia,Classic,Full,DVD
Tarzan,G,"Tony Goldwyn, Minnie Driver",Disney,Animated,Wide,DVD
"Hunchback Of Notre Dame, The",G,"Tom Hulce, Demi Moore",Disney,Animated,Wide,DVD
"Mark Of Zorro, The",NR,"Tyrone Power, Basil Rathbone",,Classic,Full,DVD
"Green Mile, The",R,Tom Hanks,Warner,Drama,Wide,DVD
Anastasia (Animated),G,"Meg Ryan, John Cusack, Kelsey Grammer",,Animated,Wide,DVD
Working Girl,R,"Melanie Griffith, Harrison Ford, Sigourney Weaver",,Drama,Wide,DVD
Lord Of The Rings - Return Of the King,PG-13,Elijah Wood,New Line,Sci-Fi & Fantasy,Wide,DVD & BLU
"Monsters, Inc.",G,"Billy Crystal, John Goodman",,Animated,Both,DVD
Star Trek: Nemesis,PG-13,Patrick Stewart,Paramount,Sci-Fi & Fantasy,Wide,DVD
"Magnificent Seven, The",NR,"Yul Brenner, Charles Bronson, Eli Wallach",,Classic,Wide,DVD
Titanic,PG-13,"Leonardo DiCaprio, Kate Winslet",,Drama,Wide,DVD
Chicken Run,G,Mel Gibson,Dreamworks,Animated,Wide,DVD
Risky Business,R,"Tom Cruise, Rebecca DeMornay",,Drama,Full,DVD
"Maltese Falcon, The",NR,"Humphrey Bogart, Mary Astor",,Classic,Full,DVD
"Fugitive, The",PG-13,"Harrison Ford, Tommy Lee Jones",,Drama,Wide,DVD
Witness,R,Harrison Ford,,Drama,Wide,DVD
Mission Impossible,PG-13,Tom Cruise,,Action & Suspense,Full,DVD
Mission Impossible II,PG-13,Tom Cruise,,Action & Suspense,Wide,DVD
"Connecticut Yankee in King Authur's Court, A",NR,Bing Crosby,,Classic,Full,DVD
"Emperor Waltz, The",NR,Bing Crosby,,Classic,Full,DVD
Casablanca,PG,Humphrey Bogart Ingrid Berma,,Classic,Full,DVD
Dirty Hary - The Original,R,Clint Eastwood,,Drama,Wide,DVD
Dirty Harry - Sudden Impact,R,Clint Eastwood,,Drama,Wide,DVD
Dirty Harry - Magnum Force,R,Clint Eastwood,,Drama,Wide,DVD
Dirty Harry - The Enforcer,R,Clint Eastwood,,Drama,Wide,DVD
Dirty Harry - The Dead Pool,R,Clint Eastwood,,Drama,Wide,DVD
"Bridge On the River Kwai, The",PG,"William Holden, Alec Guiness",,Classic,Wide,DVD
Agent Cody Banks 2 - Destination London,PG,"Frankie Muniz, Anthony Anderson",,Action & Suspense,Wide,DVD
Mrs Peregrine's Home f,NR,"Kimberly Williams, Scott Cohen",,Sci-Fi & Fantasy,Wide,DVD
White Pass & Yukon Route,NR,,,Edu/Doc,Full,DVD
"Day The Earth Stood Still, The",G,"Michael Renni, Patrica Neal, Hugh Marlowe",Fox,Sci-Fi & Fantasy,Full,DVD
Shrek 2,PG,"Mike Myers, Eddie Murphy",Dreamworks,Animated,Both,DVD
High School Confidential,NR,"Russ Tamblyn, Diane Jergens, Jerry Lee Lewis",,Classic,Full,DVD
Inherit The Wind,NR,"Spencer Tracey, Fredric March, Gene Kelly",,Classic,Wide,DVD
Moby Dick,NR,"Gregory Peck, Richard Basehart",,Classic,Full,DVD
"Golden Years of Cartoons (6 disks), The",NR,"Woody Woodpecker, Popeye, Betty Boop, Mighty Mouse",,Animated,,DVD
Judgement at Nuremberg,NR,"Spencer Tracy, Maximillian Schell, Burt Lancaster",,Classic,Wide,DVD
Dances With Wolves,PG-13,Kevin Costner,,Drama,Wide,DVD
"Christmas Story, A",PG,"Milinda Dillon, Darren McGavin, Peter Billingsly",Warner,Comedy,Full,DVD
All Quiet On The Western Front,NR,"Lew Ayers, Louis Wolheim",Universal,Classic,Full,DVD
"Miracle Worker, The",NR,"Anne Bancroft, Patty Duke",,Classic,Wide,DVD
"Old Man and the Sea, The",NR,Spencer Tracy,,Classic,Full,DVD
Mutiny On The Bounty,NR,"Clark Gable, Charles Laughton",,Classic,Full,DVD
Forbidden Planet,G,"Walter Pidgeon, Ann Francis, Leslie Nielsen",,Sci-Fi & Fantasy,Full,DVD
Elmer Gantry,NR,"Burt Lancaster, Jean Simmons",,Classic,Full,DVD
Who's Afraid Of Virginia Woolf,NR,"Elisabeth Taylor, Richard Burton",,Classic,Both,DVD
"Mummy, The",PG-13,"Brendan Fraser, Rachel Weisz",,Sci-Fi & Fantasy,Full,DVD
"Mummy Returns, The",PG-13,"Brendan Fraser, Rachel Weisz",,Sci-Fi & Fantasy,Full,DVD
"Best Years Of Our Lives, The",NR,"Myrna Loy, Fredric March",,Classic,Full,DVD
Spiderman 2,PG-13,"Toby McGuire, Kirsten Dunst",,Sci-Fi & Fantasy,Wide,DVD
Hero,PG-13,Jet Li,,Action & Suspense,,DVD
October Sky,PG,"Jake Gyllenhaal, Lauren Dern",,Drama,Wide,DVD
Little Ceasar,NR,"Edward G. Robinson, Douglas Fairbanks Jr",Warner,Classic,Full,DVD
Angels With Dirty Faces,NR,"James Cagney, Pat O'Brien",Warner,Classic,Full,DVD
"Incredibiles, The",PG,"Craig Nelson, Holly Hunter",Disney/Pixar,Animated,Wide,DVD
Andre Rieu - Live in Tuscany,NR,Andre Rieu,,Concerts,Wide,DVD
"Three Faces of Eve, The",NR,"Joanne Woodward, Lee J. Cobb, David Wayne",Warner,Classic,Wide,DVD
My Darling Clementine,NR,Henry Fonda,Warner,Classic,Full,DVD
"Grapes of Wrath, The",NR,Henrey Fonda,Warner,Classic,Full,DVD
"Fifth Element - Ultimate Edition, The",PG-13,Bruce Willis,,Sci-Fi & Fantasy,Wide,DVD
Stand By Me,R,"Will Wheaton, River Phoenix, Corey Feldman,",,Drama,Wide,DVD
Anastasia,NR,"Ingrid Berman, Yul Brenner",,Classic,Wide,DVD
"Diary Of Anne Frank, The",PG,"Mille Perkins, Shelly Winters",Fox,Classic,Wide,DVD
Spy Kids 3D - Game Over,PG,"Antonio Banderas, Carla Gugino",Disney,Sci-Fi & Fantasy,Wide,DVD
National Treasure,PG,Nicolas Cage,Disney,Action & Suspense,Full,DVD
"Razor's Edge, The",NR,"Tyrone Power, Gene Tierney, Ann Baxter",Warner,Classic,Full,DVD
Shark Tale,PG,"Will Smith, DeNiro, Zellweger, Jolie",,Animated,Wide,DVD
"Complete Monterey POP Festival, The",NR,,,Concerts,Full,DVD
Led Zepplin,NR,Led Zepplin,,Concerts,Full,DVD
U2 - Go Home,NR,U2,,Concerts,,DVD
Talking Head - Stop Making Sense,NR,Talking Heads,,Concerts,Wide,DVD
"Who - The Kids Are Alright SE, The",,The Who,,Concerts,,DVD
"Last Waltz, The",PG,"Dylan, Clapton, Young, Joni Mitchell, Van Morrison",,Concerts,Wide,DVD
Batman - Forever,PG-13,"Val Kilmer, Tommy Lee, Jim Carrey",,Sci-Fi & Fantasy,Both,DVD
Troy,R,"Brad Pitt, Orlando Bloom, Eric Bana",Warner,Action & Suspense,Wide,DVD
"Adventures of Superman TV Series, The",G,George Reeves,,TV Series,Full,DVD
Celtic Woman,NR,,,Concerts,Wide,DVD
Eddie and the Cruisers,PG,"Tom Berenger, Michael Pare",MGM,Drama,Wide,DVD
Remo Williams,PG-13,"Fred Ward, Joel Grey",MGM,Action & Suspense,Full,DVD
"Big Chill, The",R,"Tom Berenger, Glenn Close, Jeff Goldblum",Columbia,Drama,Wide,DVD
Lawrence of Arabia,PG,"Peter O'Toole, Alec Guinness, Anthony Quinn",Columbia,Drama,Wide,DVD
"Lion in Winter, The",PG,"Peter O'Toole, Katherine Hepburn",MGM,Drama,Wide,DVD
Jerry Maguire,R,"Tom Cruise, Cuba Gooding Jr.",Tristar,Drama,Wide,DVD
Midnight Cowboy,R,"Dustin Hoffman, Jon Voight",MGM,Drama,Both,DVD
Lifeforce,R,Steve Railsback Peter Firth,MGM,Sci-Fi & Fantasy,Wide,DVD
Valley Girl,R,"Nicolas Cage, Deborah Foreman",MGM,Comedy,Both,DVD
Saving Private Ryan,R,"Tom Hanks, Matt Damon",Dreamworks,Drama,Wide,DVD
Harry Potter and the Chamber of Secrets,PG,"Daniel Radcliffe,",Warner,Sci-Fi & Fantasy,Full,DVD
Harry Potter and the Sorcerer's Stone,PG,Daniel Radcliffe,Warner,Sci-Fi & Fantasy,Wide,DVD
A.I. Artificial Intelligence,PG-13,"Haley Joel Osment, Frances O'Connor",Universal,Sci-Fi & Fantasy,Wide,DVD
"Matrix, The",R,"Keanu Reeves, Laurence Fishburne",Warner,Sci-Fi & Fantasy,Wide,DVD
Amadeus,R,"F. Murray Abraham, Tom Hulce",Warner,Drama,Wide,DVD
"Color Purple, The",PG-13,"Danny Glover, Whoopi Goldberg",Warner,Drama,Wide,DVD
When Harry Met Sally,R,"Billy Crystal, Meg Ryan",MGM/UA,Comedy,Wide,DVD
Top Gun,PG,"Tom Cruise, Kelly McGillis",Paramount,Action & Suspense,Both,DVD
Crouching Tiger/Hidden Dragon,PG-13,Yun-Fat Chow,Columbia/Tristar,Sci-Fi & Fantasy,Wide,DVD
"Grinch, The",G,Jim Carrey,Universal,Animated,Full,DVD
Forrest Gump,PG-13,Tom Hanks,Paramount,Comedy,Wide,DVD
Lord Of the Rings - The Fellowship of the Rings,PG-13,"Elijah Wood,",Warner,Sci-Fi & Fantasy,Wide,DVD & BLU
Antz,PG,Woody Allan,DreamWorks,Animated,Wide,DVD
Lilo & Stitch,PG,Chris Sanders (III),Disney,Animated,Wide,DVD
Shrek,PG,"Mike Myers, Eddie Murphy",Dreamworks,Animated,Both,DVD
Ice Age,PG,"John Leguizamo, Denis Leary",Fox,Animated,Both,DVD
Labrinth,PG,David Bowie,Columbia,Sci-Fi & Fantasy,Wide,DVD
"Dark Crystal, The",PG,"Frank Oz, Jim Henson",Columbia/Trista,Children,Wide,DVD
Star Wars I - The Phantom Menace,PG,Liam Neeson,Fox,Sci-Fi & Fantasy,Wide,DVD
Star Wars II - Attack of the Clones,PG,Ewan McGregor,Fox,Sci-Fi & Fantasy,Full,DVD
Star Wars IV - A New Hope,PG,"Mark Hamill, Harrison Ford",Fox,Sci-Fi & Fantasy,Wide,DVD
Star Wars V - The Empire Strikes Back,PG,"Mark Hamill, Harrison Ford",Fox,Sci-Fi & Fantasy,Wide,DVD
Star Wars VI - Return Of the Jedi,PG,"Mark Hamill, Harrison Ford",Fox,Sci-Fi & Fantasy,Wide,DVD
"Sword and the Stone, The",G,Sebastian Cabot,Disney,Animated,,DVD
Jurassic Park,PG-13,"Sam Neill, Laura Dern",Univeral,Sci-Fi & Fantasy,Wide,DVD
Batman,PG-13,Michael Keaton,Warner,Sci-Fi & Fantasy,Full,DVD
Titan A.E.,PG,"Drew Barrymore, Matt Damon",Fox,Animated,Wide,DVD
"Three Worlds Of Gulliver, The",NR,Kerwin Mathews,Columbia/Trista,Sci-Fi & Fantasy,Full,DVD
"Black Stallion, The",G,"Kelly Reno, Mickey Rooney",MGM/UA,Children,Both,DVD
Treasure Planet,PG,"Joseph Gordon-Levitt, Martin Short",Disney,Animated,Wide,DVD
High Noon,NR,Gary Cooper,Artisan,Classic,Full,DVD
Stripes,R,"Bill Murray, John Candy",Columbia/Tristar,Comedy,Both,DVD
"Thief of Bagdad, The",NR,"Conrad Veidt, Sabu",MGM,Sci-Fi & Fantasy,Full,DVD
Snow White and the Seven Dwarfs,G,Harry Stockwell,Disney,Animated,,DVD
Final Analysis,R,"Richard Gere, Kim Basinger",Warner,Drama,Full,DVD
Mr. Smith Goes To Washington,NR,Jimmy Stewart,Columbia,Classic,Full,DVD
12 Angry Men,NR,"Henry Fonda, Lee J. Cobb, E.G. Marshall",MGM/UA,Classic,Wide,DVD
Oliver Twist,NR,"Robert Newton, Alec Guinness",Criterion Collection,Classic,Full,DVD
"Quite Man, The",NR,"John Wayne, Maureen O'Hara",Artisan,Classic,Full,DVD
Jimmy Neutron - Boy Genius,G,Debi Derryberry,Paramount,Animated,Both,DVD
Citizen Kane,PG,Orson Welles,Warner,Classic,Full,DVD
Great Expectations,NR,"John Mills, Valerie Hobson",Criterion Collection,Classic,Full,DVD
In The Heat Of The Night,PG,"Sidney Poitier, Rod Steiger",MGM/UA,Drama,Wide,DVD
Casualties Of War,R,Michael J Fox,Warner,Drama,Wide,DVD
We Were Soldiers,R,Mel Gibson,Paramount,Drama,Wide,DVD
"Kentuckian, The",NR,Burt Lancaster,MGM/UA,Classic,Wide,DVD
It Happened One Night,NR,"Clark Gable, Claudette Colbert",Columbia/Tristar,Classic,Full,DVD
Old Yeller,G,"Dorothy McGuire, Fess Parker",Disney,Children,Wide,DVD
Ghost,PG-13,"Patrick Swayze, Demi Moore,",Paramount,Action & Suspense,Wide,DVD
Lost Horizon,NR,"Ronald Colman, Jane Wyatt",Columbia,Classic,Full,DVD
Who Framed Rodger Rabbit,PG,Bob Hoskins,Disney,Animated,Wide,DVD
"Godfather Collection (3 movies), The",R,"Marlon Brando, Al Pacino",Paramount,Drama,Wide,DVD
Wuthering Heights,NR,"Merle Oberon, Laurence Olivier",HBO,Classic,Full,DVD
Annie Hall,PG,Woody Allan,MGM/UA,Comedy,Both,DVD
Final Fantasy: The Spirit Within,PG-13,Alec Baldwin,Columbia/Tristar,Animated,Wide,DVD
"Last Starfighter, The",PG,"Lance Guest, Robert Preston",Universal,Sci-Fi & Fantasy,Wide,DVD
Superman The Movie,PG,"Gene Hackman, Christopher Reeve",Warner,Sci-Fi & Fantasy,Wide,DVD
Superman II,PG,"Gene Hackman, Christopher Reeve",Warner,Sci-Fi & Fantasy,Wide,DVD
Tarzan & Jane,G,Don Mackinnon,Disney,Animated,Wide,DVD
Beauty and the Beast,G,"Robby Benson, Jesse Corti",Disney,Animated,Wide,DVD
BeetleJuice,PG,Michael Keaton,Warner,Sci-Fi & Fantasy,Full,DVD
Singin In the Rain,G,Gene Kelly,Warner,Classic,Full,DVD
Pocahantas,G,"Mel Gibson, Linda Hunt",Disney,Animated,Wide,DVD
"Wiz, The",G,"Diana Ross, Michael Jackson",Universal,Sci-Fi & Fantasy,Wide,DVD
"Wizard Of Oz, The",G,Judy Garland,Warner,Sci-Fi & Fantasy,Full,DVD
Dragonheart,PG-13,Dennis Quaid,Univeral,Sci-Fi & Fantasy,Wide,DVD
Dune,PG-13,Kyle MacLachlan,Univeral,Sci-Fi & Fantasy,Wide,DVD
Atlantis -  Lost Empire,NR,Michael J Fox,Columbia/Tristar,Animated,Both,DVD
Atlantis  - Milo Returns,NR,Michael J Fox,Columbia/Tristar,Animated,Wide,DVD
Jason & the Argonauts,G,Todd Armstrong,Columbia/Tristar,Sci-Fi & Fantasy,Both,DVD
"Golden Voyage of Sinbad, The",G,John Phillip Law,Columbia,Sci-Fi & Fantasy,Wide,DVD
Sinbad & the Eye of the Tiger,PG,"Patrick Wayne, Jane Seymour",Columbia/Tristar,Sci-Fi & Fantasy,Wide,DVD
"7th Voyage of Sinbad, The",G,"Kerwin Mathews, Kathryn Grant",Columbia/Trista,Sci-Fi & Fantasy,Wide,DVD
Transformers - The Movie,PG,,Rhino,Animated,,DVD
Transformers - The Entire 1st Season,G,,Wea Corp,Animated,,DVD
Transformers - Second Season Part I,G,,Wea Corp,Animated,,DVD
Time Bandits,PG,"Sean Connery, Shelley Duvall",Criterion Collection,Sci-Fi & Fantasy,Wide,DVD
Clash of the Titans,PG,Harry Hamlin,Warner,Sci-Fi & Fantasy,Wide,DVD
Homeward Bound,G,Michael J. Fox,Buena Vista,Children,Full,DVD
Willow,PG,"Val Kilmer, Joanne Whalley",Fox,Sci-Fi & Fantasy,Wide,DVD
"Pride Of the Yankees, The",NR,Gary Cooper,MGM/UA,Classic,Full,DVD
They Call Me Mister Tibbs!,PG,Sidney Poitier,MGM/UA,Drama,Full,DVD
Spirit - Stallion of the Cimeron,G," Matt Damon",Universal,Animated,Wide,DVD
Small Soldiers,PG-13,"Gregory Smith, Kirsten Dunst",Dreamworks,Sci-Fi & Fantasy,Wide,DVD
Back to the Future 1,PG,Michael J Fox,Universal,Sci-Fi & Fantasy,Full,DVD
Mr. Deeds Goes to Town,NR,Gary Cooper,Columbia,Classic,Full,DVD
Star Trek - The Motion Picture,PG,William Shatner,Paramount,Sci-Fi & Fantasy,Wide,DVD
Star Trek - Wrath Of Khan,PG,William Shatner,Paramount,Sci-Fi & Fantasy,Wide,DVD
Star Trek - The Search For Spock,PG,William Shatner,Paramount,Sci-Fi & Fantasy,Wide,DVD
Star Trek - The Voyage Home,PG,William Shatner,Paramount,Sci-Fi & Fantasy,Wide,DVD
Star Trek - The Final Frontier,PG,William Shatner,Paramount,Sci-Fi & Fantasy,Wide,DVD
Star Trek - The Undiscovered Country,PG,William Shatner,Paramount,Sci-Fi & Fantasy,Wide,DVD
Star Trek - Generations,PG,William Shatner,Paramount,Sci-Fi & Fantasy,Wide,DVD
Star Trek - First Contact,PG,William Shatner,Paramount,Sci-Fi & Fantasy,Wide,DVD
Star Trek - Insurrection,PG,William Shatner,Paramount,Sci-Fi & Fantasy,Wide,DVD
My Big Fat Greek Wedding,PG,Nia Vardalos,HBO,Comedy,Both,DVD
Indiana Jones & The Raiders of the Lost Ark,PG,Harrison Ford,Paramount,Sci-Fi & Fantasy,Wide,DVD
Indiana Jones & The Temple Of Doom,PG,Harrison Ford,Paramount,Sci-Fi & Fantasy,Wide,DVD
Men In Black I,PG-13,"Tommy Lee Jones, Will Smith",Columbia,Sci-Fi & Fantasy,Both,DVD
X-Men,PG-13,Patrick Stewart,Fox,Sci-Fi & Fantasy,Wide,DVD
To Kill A Mockingbird,NR,Gregory Peck,Universal,Classic,Wide,DVD
Beautiful Mind,PG-13,Russel Crowe,Univeral,Drama,Wide,DVD
Total Recall,R,"Arnold Schwarzenegger, Sharon Stone",Artisan,Sci-Fi & Fantasy,Wide,DVD
Independence Day,PG-13,Will Smith,Fox,Sci-Fi & Fantasy,Wide,DVD
Training Day,R,"Denzel Washington, Ethan Hawke",Warner,Drama,Wide,DVD
Spawn,R,"Michael Jai White, John Leguizamo",New Line Studios,Sci-Fi & Fantasy,Wide,DVD
"Shadow, The",PG-13,Alec Baldwin,Universal,Sci-Fi & Fantasy,Full,DVD
Airforce One,R,Harrison Ford,Columbia/Tristar,Action & Suspense,Both,DVD
Goodfellas,R,"Robert De Niro, Ray Liotta",Warner,Drama,Wide,DVD
Apocalypse Now Redux,R,Martin Sheen,Paramount,Drama,Wide,DVD
Spy Kids II - The Island of Lost Dreams,PG,"Antonio Banderas, Carla Gugino",Buena Vista,Sci-Fi & Fantasy,Wide,DVD
ET The Extra Terrestrial,PG,Henry Thomas,Univeral,Sci-Fi & Fantasy,Wide,DVD
Miracle On 34th Street,NR,Maureen O'Hara,Fox,Classic,Full,DVD
March of the Wooden Soldiers,NR,"Stan Laurel, Oliver Hardy",Goodtimes Home Video,Children,Full,DVD
Snow Dogs,PG,"Cuba Gooding Jr., James Coburn",Disney,Children,Full,DVD
It's A Wonderful Life,NR,"James Stewart, Donna Reed",Republic Studios,Classic,Full,DVD
Spiderman,PG-13,"Tobey Maguire, Kirsten Dunst",Columbia/Tristar,Sci-Fi & Fantasy,Wide,DVD
Justice League,NR,Butch Lukic,Warner,Animated,Full,DVD
"Fox and the Hound, The",G,"Mickey Rooney, Kurt Russell",Disney,Animated,Full,DVD
Lost In Dinosaur World,NR,,Putnam Berkley,Animated,,VHS
Cool Hand Luke,NR,Paul Newman,Warner,Classic,Full,DVD
Shane,NR,"Alan Ladd, Jean Arthur",Paramount,Classic,Full,DVD
Roman Holiday,NR,"Audrey Hepburn, Gregory Peck",Paramount,Classic,Full,DVD
A Night at the Opera,NR,The Marx Brothers,Warner,Comedy,Full,DVD
Boys Town,NR,"Spencer Tracy, Mickey Rooney",Warner,Classic,Full,DVD
Sabrina,NR,"Humphrey Bogart, Audrey Hepburn, William Holden",Paramount,Classic,Full,DVD
Some Like It Hot,NR,"Marilyn Monroe, Tony Curtis, Jack Lemmon",MGM,Comedy,Wide,DVD
"Ultimate Avengers, The Movie",PG-13,,,Animated,Full,DVD
"Ultimate Avengers 2, The Movie",PG-13,,,Animated,,DVD
Trading Places,R,"Eddie Murphy, Dan Aykroyd",,Comedy,Wide,DVD
"Golden Child, The",PG-13,"Eddie Murphy,",,Sci-Fi & Fantasy,Wide,DVD
Mission Impossible III,PG-13,Tom Cruise,,Action & Suspense,Wide,DVD
"Phantom of the Opera, The",PG-13,,,Drama,Wide,DVD
Looney Tunes Golden Collection Volume 2 (4 Disks),NR,,,Animated,Full,DVD
Superman Returns,PG-13,"Brandon Routh, Kate Bosworth, Kevin Spacey",Warner,Sci-Fi & Fantasy,Wide,DVD
An Inconvenient Truth,PG,Al Gore,,Edu/Doc,Wide,DVD
World Trade Center,PG-13,"Nicholas Cage, Michael Pena",,Drama,Wide,DVD
Fantastic 4 - Rise of the Silver Surfer,PG,"Jessica Alba,",Marvel,Sci-Fi & Fantasy,Both,DVD
Spiderman 3,PG-13,"Toby McGuire, Kirsten Dunst",,Sci-Fi & Fantasy,Wide,DVD
Transformers - The Movie (Non-animated),PG-13,"Shia LeBeouf, Megan Fox",Paramount,Sci-Fi & Fantasy,Wide,DVD
Shrek 3,PG,"Mike Myers, Eddie Murphy",Dreamworks,Animated,Full,DVD
Meet The Robinsons,G,,Disney,Animated,Wide,DVD
An Officer and a Gentleman,R,"Richrd Gere, Louis Gossett Jr., Debra Winger",Paramount,Drama,Wide,DVD
Ratatouille,G,,Disney/Pixar,Animated,Wide,BLU
SICKO,PG-13,Michael Moore,,Edu/Doc,Wide,DVD
Beverly Hills Cop,R,Eddie Murphy,Paramount,Comedy,Wide,DVD
Beverly Hills Cop II,R,Eddie Murphy,Paramount,Comedy,Wide,DVD
Beverly Hill Cop III,R,Eddie Murphy,Paramount,Comedy,Wide,DVD
48 Hours,R,"Eddie Murphy, Nick Nolte",Paramount,Comedy,Wide,DVD
Another 48 Hours,R,"Eddie Murphy, Nick Nolte",Paramount,Comedy,Wide,DVD
Glory,R,"Mathew Broderick,Denzel Washington,Morgan Freeman",Tristar,Drama,Both,DVD
Close Encounters Of the Third Kind,PG,"Richard Dreyfuss, Teri Garr",Columbia,Sci-Fi & Fantasy,Wide,DVD
Tommy,PG,"Peter Townsend, John Entwistle, Kieth Moon",Columbia,Concerts,Wide,DVD
Rainman,R,Dustin Hoffman,,Drama,Wide,DVD
"Silence Of The Lambs, The",R,"Jody Foster, Anthony Hopkins",,Action & Suspense,,DVD
Raging Bull,R,Robert De Niro,,Drama,,DVD
"Graduate, The",PG,Dustin Hoffman,,Drama,,DVD
Sleeper,PG,"Woody Allen, Diane Keaton",,Comedy,,DVD
Manhattan,R,"Woody Allen, Diane Keaton",,Comedy,,DVD
Platoon,R,"Tom Beringer, Willem Dafoe",,Drama,,DVD
Thelma & Louise,R,"Susan Sarandon, Geena Davis",,Drama,,DVD
Fargo,R,"Frances McDormand, W.H. Macy",,Drama,,DVD
Hellboy,PG-13,Ron Perlman,,Sci-Fi & Fantasy,,DVD
Star Wars III - Revenge Of the Sith,PG-13,"Ewan McGregor, Natalie Portman",,Sci-Fi & Fantasy,,DVD
Batman Begins,PG-13,"Christian Bale, Michael Caine",,Sci-Fi & Fantasy,,DVD
Sky Captain & the World of Tomorrow,PG,"Jude Law, Gwynth Paltrow, Angelina Jolie",Paramount,Sci-Fi & Fantasy,Wide,DVD
"Polar Express, The",G,Tom Hanks,Warner,Sci-Fi & Fantasy,Wide,DVD
American Graffiti,PG,"Richard Dreyfuss, Ron Howard",Universal,Comedy,Wide,DVD
"Sting, The",PG,"Paul Newman, Robert Redford",Universal,Drama,Wide,DVD
"Birth of a Nation, The",NR,,,Comedy,,DVD
Fantastic 4,PG-13,"Jessica Alba,",Marvel,Sci-Fi & Fantasy,Wide,DVD
Sky High,PG,Kurt Russell,Walt Disney,Sci-Fi & Fantasy,Wide,DVD
Laura Croft - Tomb Raider,PG-13,Angelina Jolie,,Sci-Fi & Fantasy,Wide,DVD
Minority Report,PG-13,Tom Cruise,,Sci-Fi & Fantasy,Full,DVD
Harvey,NR,James Stewart,,Classic,Full,DVD
Out Of Africa,PG,"Robert Reford, Meryl Streep",,Drama,Wide,DVD
Charlie and the Chocolate Factory,PG,Johnny Depp,,Sci-Fi & Fantasy,Wide,DVD
Jungle Fever,R,"Wesley Snipes, Spike Lee",,Drama,Wide,DVD
Star Wars Clone Wars Volume 2,NR,,,Animated,Wide,DVD
Star Wars Clone Wars Volume 1,NR,,,Animated,Wide,DVD
Laura Croft - Tomb Raider - Cradle of Life,PG-13,Angelina Jolie,,Sci-Fi & Fantasy,Wide,DVD
Young Mr. Lincoln - Criterion Edition,NR,Henry Fonda,Criterion,Classic,Full,DVD
Harry Potter and the Goblet of Fire,PG,"Daniel Radcliffe, Emma Watson",,Sci-Fi & Fantasy,Wide,DVD
Harry Potter and the Prisoner of Azkaban,PG,"Daniel Radcliffe, Emma Watson",,Sci-Fi & Fantasy,Wide,DVD
King Kong,PG-13,"Naomi Watts, Jack Black, Adrien Brody",Universal,Sci-Fi & Fantasy,Wide,DVD
"Chronicles of Narnia, The Lion, Witch & Wardrobe",PG,,Disney,Sci-Fi & Fantasy,Wide,DVD
Dick Tracy,PG,Warren Beatty,,Sci-Fi & Fantasy,Wide,DVD
"Caine Mutiny, The",NR,Humphery Bogart,Columbia,Classic,Wide,DVD
Champion,NR,Kirk Douglas,,Classic,Full,DVD
Reap the Wild Wind,NR,"John Wayne, Susan Hayward, Ray Millarnd",Universal,Classic,Full,DVD
In Harm's Way,NR,"John Wayne, Kirk Douglas, Henry Fonda",Paramount,Classic,Wide,DVD
Woman of the Year,NR,"Spencer Tracy, Katherine Hepburn",Warner,Classic,Full,DVD
Adam's Rib,NR,"Spencer Tracy, Katherine Hepburn",Warner,Classic,Full,DVD
Conan The Barbarian,R,"Arnold Schwarzenegger, James Earl Jones",Universal,Sci-Fi & Fantasy,Wide,DVD
Conan the Destroyer,R,Arnold Schwarzenegger,Universal,Sci-Fi & Fantasy,Wide,DVD
Devil's Advocate,R,"Al Pacino, Keanu Reaves",Warner Bros,Drama,Wide,DVD
Fast Times At Ridgemont High,R,Sean Penn,Universal,Comedy,Wide,DVD
Planet Earth - The Complete Series (5 Discs),G,,BBC,Edu/Doc,Wide,DVD
Back to the Future 2,PG,Michael J Fox,Universal,Sci-Fi & Fantasy,Full,DVD
Back to the Future 3,PG,Michael J Fox,Universal,Sci-Fi & Fantasy,Full,DVD
Harry Potter and the Order of the Phoenix,PG-13,Daniel Radcliff,Warner,Sci-Fi & Fantasy,Full,DVD
"Big Boss, The",R,Bruce Lee,,Action & Suspense,Wide,DVD
Fist of Fury,R,Bruce Lee,,Action & Suspense,Wide,DVD
Way of the Dragon,R,Bruce Lee,,Action & Suspense,Wide,DVD
Game of Death,R,Bruce Lee,,Action & Suspense,Wide,DVD
Game of Death II,R,Bruce Lee,,Action & Suspense,Wide,DVD
Rocky,PG,Sylvester Stallone,MGM,Drama,Wide,DVD
Rocky II,PG,Sylvester Stallone,MGM,Drama,Wide,DVD
Rocky III,PG,Sylvester Stallone,MGM,Drama,Both,DVD
Rocky IV,PG,Sylvester Stallone,MGM,Drama,Both,DVD
Rocky V,PG-13,Sylvester Stallone,MGM,Drama,Both,DVD
There Will Be Blood,R,Daniel Day-Lewis,Paramount,Drama,Wide,DVD
I Am Legend,PG-13,Will Smith,Warner Bros.,Sci-Fi & Fantasy,Wide,DVD
National Treasure 2 Book Of Secrets,PG,Nicolas Cage,Disney,Action & Suspense,Wide,DVD
"Forbidden Kingdon, The",PG-13,"Jackie Chan, Jet Li",,Action & Suspense,Both,DVD
Iron Man,PG-13,"Robert Downey Jr., Gwyneth Paltrow",,Sci-Fi & Fantasy,Wide,DVD
"Incredible Hulk, The",PG-13,"Ed Norton, Liv Tyler, Tim Roth",,Sci-Fi & Fantasy,Full,DVD
Indiana Jones and the Kingdom of the Crystal Skull,PG-13,Harison Ford,Paramount,Sci-Fi & Fantasy,Wide,DVD
Spiderwick Cronicles,PG,,Nickelodeon,Sci-Fi & Fantasy,Full,DVD
Hulk,PG-13,"Eric Bana, Jennifer Connely",Universal,Sci-Fi & Fantasy,Full,DVD
"Kung Fu, The Complete First Three Seasons",,David Carradine,Warner,TV Series,Full,DVD
George Carlin - All My Stuff (14 Disks),,George Carlin,,Comedy,Full,DVD
Hellboy II,PG-13,Ron Perlman,,Sci-Fi & Fantasy,Wide,DVD
Star Wars The Clone Wars,PG,,Warner,Animated,Wide,DVD
Kung Fu Panda,PG,Jack Black,DreamWorks,Animated,Wide,BLU
"Chronicles of Narnia, Prince Caspian",PG,,Disney,Sci-Fi & Fantasy,Wide,DVD
Hancock,PG-13,"Will Smith, Charlize Theron",Columbia,Sci-Fi & Fantasy,Wide,DVD
Batman  - The Dark Knight,PG-13,"Christian Bale, Heath Ledger",Warner,Sci-Fi & Fantasy,Wide,DVD
Mummy - Tomb of the Dragon Emperor,PG-13,"Brendan Fraser, Jet Li",Universal,Sci-Fi & Fantasy,Wide,DVD
Speed Racer The Next Generation - The Beginning,NR,,Lions Gate,Animated,Full,DVD
"Nightmare Before Christmas, The",PG,,,Animated,Wide,BLU
X-Men Origins - Wolverine,PG-13,Hugh Jackman,Marvel,Sci-Fi & Fantasy,Wide,DVD
Michael Jackson  -  Video Greatest Hits,NR,Michael Jackson,,Concerts,,DVD
Queen - Live at Wembley Stadium,NR,,,Concerts,,DVD
Peter Gabriel - Secret World Live,NR,Peter Gabriel,,Concerts,Wide,DVD
Cat Stevens - Majikat - Earth Tour 1976,NR,Cat Stevens,,Concerts,,DVD
The National Parks - America's Best Idea,NR,Ken Burns,,Edu/Doc,Wide,BLU
Transformers - Revenge of the Fallen,PG-13,"Shia LeBeouf, Megan Fox",Paramount,Sci-Fi & Fantasy,Wide,DVD
A Praire Home Companion,NR,Garrison Keilloer,,Comedy,Wide,DVD
Star Trek,PG-13,"Chris Pine, Zack Quinto",Paramount,Sci-Fi & Fantasy,Wide,DVD
Cat Woman,PG-13,Halle Berry,Warner Bros,Sci-Fi & Fantasy,Wide,BLU
G.I. Joe - The Rise of Cobra,PG-13,"Dennis Quaid, Marlon Wayans",Paramount,Sci-Fi & Fantasy,Wide,DVD
Malcolm X,PG-13,"Denzel Washington,",Warner,Drama,Wide,DVD
9,PG-13,Tim Burton,Universal,Animated,Wide,DVD
2012,PG-13,John Cusack,Sony,Sci-Fi & Fantasy,Wide,DVD
The Blind Side,PG-13,Sandra Bullock,Warner,Drama,Wide,DVD
Sherlock Holmes,PG-13,"Robert Downey Jr,  Jude Law",Warner,Action & Suspense,Wide,DVD
Avatar,PG-13,"Sawm Worthinton, Sigourney Weaver",Fox,Sci-Fi & Fantasy,Wide,DVD
Alice In Wonderland  - Not Animated,PG,"Jonny Depp, Anne Hathaway",Disney,Sci-Fi & Fantasy,Wide,DVD
"Karate Kid, The",PG,"Jaden Smith, Jackie Chan",,Drama,Wide,DVD
Salt,NR,Angelina Jolie,,Action & Suspense,Wide,DVD
Legend Of the Gaurdians - The Owls of Ga' Hoole,PG,,Warner,Animated,Wide,DVD
Iron Man 2,PG-13,"Robert Downey Jr., Gwyneth Paltrow",,Sci-Fi & Fantasy,Wide,DVD & BLU
Despicable Me,PG,Steve Carell,Universal,Animated,Wide,DVD
Green Lantern,PG-13,Ryan Renolds,Warner,Sci-Fi & Fantasy,Wide,DVD
X-Men First Class,PG-13,"Kevin Bacon, Others",Fox,Sci-Fi & Fantasy,Wide,DVD
Harry Potter & The Deathy Hallows Part1,PG-13,"Daniel Radcliffe, Emma Watson",Warner Bros,Sci-Fi & Fantasy,Wide,BLU
Harry Potter & The Deathy Hallows Part2,PG-13,"Daniel Radcliffe, Emma Watson",Warner Bros,Sci-Fi & Fantasy,Wide,DVD
Catwoman,PG-13,Halle Berry,Warner,Sci-Fi & Fantasy,Wide,BLU
"Hobbit, The - An Unexpected Journey",PG-13,"Ian McKellen, Martin Freeman",Warner,Sci-Fi & Fantasy,Wide,DVD
Iron Man 3,PG-13,"Robert Downey Jr, Gweneth Paltrow",Marvel,Sci-Fi & Fantasy,Wide,DVD
Star Trek - Into Darkness,PG-13,"Chris Pine, Zachary Quinto",Paramount,Sci-Fi & Fantasy,Wide,DVD
Pirates of the Caribbean - Dead Man's Chest,PG-13,"Johnny Depp, Orlando Bloom",Disney,Sci-Fi & Fantasy,Wide,DVD
Les Miserables,PG-13,"Hugh Jackman, Russell Crow, Anne Hathaway",Universal,Drama,Wide,DVD
Oz The Great and Powerful,PG,James Franco,Disney,Sci-Fi & Fantasy,Wide,DVD
Man Of Steel,PG-13,"Henry Cavill, Amy Adams,",Warner,Sci-Fi & Fantasy,Wide,DVD & BLU
Gravity,PG-13,"Sandra Bullock, George Clooney",Warner,Sci-Fi & Fantasy,Wide,DVD
Pirates Of The Carribean-Curse of Black Pearl,PG-13,"Jonny Depp, Orlando Bloom",Disney,Sci-Fi & Fantasy,Wide,DVD
"Postman Always Rings Twice, The",R,"Jack Nickleson, Jessica Lange",Warner,Drama,Wide,DVD
Looney Toones Golden Collection Volume 3,NR,,Warner,Animated,Full,DVD
Looney Toones Golden Collection Volume 4,NR,,Warner,Animated,Full,DVD
Looney Toones Golden Collection Volume 5,NR,,Warner,Animated,Full,DVD
Looney Toones Golden Collection Volume 6,NR,,Warner,Animated,Full,DVD
12 Years a Slave,R,"Brad Pitt, Alfre Woodward",,Drama,Wide,DVD
Frozen,PG,,Disney,Animated,Wide,DVD
"Hobbit, The  - The Desolation of Smaug",PG-13,"Ian McKellen, Martin Freeman",Warner,Sci-Fi & Fantasy,Wide,DVD
Judgement At Nuremberg,NR,"Spencer Tracy, Burt Lancaster",Metro Goldwyn,Classic,Wide,DVD
To Sir With Love,NR,Sidney Poitier,Columbia,Classic,Wide,DVD
Inherit The Wind,NR,"Spencer Tracy, Fred march, Gene Kelly",Metro,Classic,Wide,DVD
"Amazing Spiderman, The",PG-13,"Andrew Garfield, Emma Stone",Columbia,Sci-Fi & Fantasy,Wide,DVD
"National Parks,  The",NR,Ken Burns,PBS,Edu/Doc,Wide,BLU
Planet Earth - The Complete Series,NR,,BBC,Edu/Doc,Wide,DVD
"Hunger Games, The",PG-13,Jennifer Lawrence,Lionsgate,Action & Suspense,Wide,DVD
Mission Impossible - Ghost Protocol,PG-13,"Tom Cruise,",,Action & Suspense,Wide,DVD
Xmen - The Last Stand,PG-13,"Hugh Jackman, Ian McKellen",,Sci-Fi & Fantasy,Wide,DVD
Life Of Pi,G,,20th Century,Drama,Wide,DVD
"Godfather, The  1, 2 & 3",R,,,Drama,Wide,DVD
Rise of the Guardians,PG,,Dreamworks,Animated,Wide,DVD
Mrs Peregrine's Home for Peculiar Children,PG-13,"Samuel L Jackson, Eva Green",20th Century,Sci-Fi & Fantasy,Wide,DVD
Loving,PG-13,"Joel Egerton, Ruth Negga",Universal,Drama,Wide,DVD
Suicide Squad,PG-13,"Will Smith, Margo Robbie, Viola Davis",Warner,Sci-Fi & Fantasy,Wide,DVD
Manchester By The Sea,R,"Casey Affleck, Michelle Williams",Lionsgate,Drama,Wide,DVD
Arrival,PG-13,"Amy Adams, Jeremy Renner, Forrest Whittaker",Paramount,Sci-Fi & Fantasy,Wide,DVD
Moonlight,R,"Mahershala Ali, Janelle Monae,  Trevante Rhodes",Lionsgate,Drama,Wide,DVD
Hacksaw Ridge,R,Andrew Garfield,Argent,Drama,Wide,DVD
Clockers - Spike Lee Collection,R,"Harvey Keitel,",Universal,Drama,Wide,DVD
Jungle Fever - Spike Lee Collection,R,"Wesley Snipes, Annabella Sciorra",Universal,Drama,Wide,DVD
Do the Right Thing - Spike Lee Collection,R,"Danny Aiello, Ossie Davis, Ruby Dee",Universal,Drama,Wide,DVD
Mo' Better Blues - Spike Lee Collection,R,"Denzel Washington, Wesley Snipes",Universal,Drama,Wide,DVD
Crooklyn - Spike Lee Collection,PG-13,"Alfre Woodard, Delroy Lindo",Universal,Drama,Wide,DVD
"Hobbit, The - Battle of the Five Armies",PG-13,"Ian McKellen,",Warner,Sci-Fi & Fantasy,Wide,DVD
Deadpool,R,Ryan Reynolds,Marvel,Sci-Fi & Fantasy,Wide,DVD
"Revenant, The",R,Leonardo DiCaprio,20th Century,Drama,Wide,DVD
Lucy,R,"Scarlett johansson, Morgan Freeman",Universal,Sci-Fi & Fantasy,Wide,DVD & BLU
"Wolverine, The",PG-13,Hugh Jackman,20th Century,Sci-Fi & Fantasy,Wide,DVD
Dead Poets Society,PG,Robin Williams,Touchstone,Drama,Wide,DVD
Good Will Hunting,R,"Robin Williams, Matt Damon, Ben Affleck",Lionsgate,Drama,Wide,DVD
Good Morning Vietnam,R,"Robin Williams, Forrest Whitaker",Touchstone,Drama,Wide,DVD
American Sniper,R,"Bradely Cooper, Sienna Miller",Warner Brothers,Drama,Wide,DVD
Indiana Jones and the Last Crusade,PG,Harrison Ford,Paramount,Sci-Fi & Fantasy,Wide,DVD
"Hobbit, The",PG,John Huston,Warner,Animated,,VHS
Toy Story,G,"Tom Hanks, Tim Allen",Disney,Animated,,DVD
Buzz Lightyear Of Star Command,NR,"Tim Allen, Sean P. Hayes",Disney,Animated,Wide,DVD